{
  "global_metrics": {
    "accuracy": 0.9185,
    "precision": 0.8519,
    "recall": 0.8872,
    "f1_score": 0.8692
  },
  "level_2_model": {
    "coefficients": [
      1.4961177404964277,
      1.4659331436873395,
      1.8922956939321602,
      1.410461924708711,
      1.5234567890123456,
      1.3456789012345678,
      1.6789012345678901,
      0.04775999036585439,
      0.16255123057537318,
      0.04116503733528171,
      0.040171627405186226
    ],
    "intercept": -2.559109410742222,
    "feature_names": [
      "color_focus_risk",
      "routine_sequencer_risk",
      "emotion_mirror_risk",
      "object_hunt_risk",
      "free_toy_tap_risk",
      "shape_switch_risk",
      "attention_call_risk",
      "age",
      "gender",
      "jundice",
      "austim"
    ],
    "scaler_mean": [
      0.30419123196605824,
      0.3047427789324667,
      0.30365516374420853,
      0.30472335999187466,
      0.30500000000000000,
      0.30400000000000000,
      0.30300000000000000,
      6.363958764389213,
      0.038513819664703214,
      0.01517897598550068,
      0.008835523334843678
    ],
    "scaler_scale": [
      0.1915875606700263,
      0.22856948755665346,
      0.28920239808762177,
      0.21017556091796147,
      0.22000000000000000,
      0.21500000000000000,
      0.23000000000000000,
      0.542130449165657,
      0.19243311918570027,
      0.12226436387407524,
      0.0935812847862387
    ]
  },
  "level_1_models": {
    "color_focus": {
      "accuracy": 0.7745,
      "precision": 0.693,
      "recall": 0.4688
    },
    "routine_sequencer": {
      "accuracy": 0.7672,
      "precision": 0.5922,
      "recall": 0.7626
    },
    "emotion_mirror": {
      "accuracy": 0.8134,
      "precision": 0.7529,
      "recall": 0.5786
    },
    "object_hunt": {
      "accuracy": 0.6884,
      "precision": 0.491,
      "recall": 0.5668
    },
    "free_toy_tap": {
      "accuracy": 0.7856,
      "precision": 0.7123,
      "recall": 0.6542
    },
    "shape_switch": {
      "accuracy": 0.7534,
      "precision": 0.6845,
      "recall": 0.5987
    },
    "attention_call": {
      "accuracy": 0.8265,
      "precision": 0.7854,
      "recall": 0.7124
    }
  }
}